,City,Lat,Lng,Max Temp,Humidity,Cloudiness,Wind speed,Country,Date
0,yumen,40.2833,97.2,33.06,31,100,2.39,CN,1668968578
1,khatanga,71.9667,102.5,-32.03,100,91,4.05,RU,1668968578
2,aksarka,66.5606,67.7975,5.85,96,100,10.22,RU,1668968578
3,saint-philippe,-21.3585,55.7679,76.59,79,60,11.77,RE,1668968579
4,albany,42.6001,-73.9662,33.39,43,3,5.01,US,1668968579
5,cidreira,-30.1811,-50.2056,74.44,70,48,20.76,BR,1668968579
6,menongue,-14.6585,17.691,77.41,27,47,6.64,AO,1668968579
7,hithadhoo,-0.6,73.0833,80.98,77,6,8.28,MV,1668968579
8,georgetown,5.4112,100.3354,81.23,87,40,3.44,MY,1668968501
9,lebu,-37.6167,-73.65,57.11,57,0,25.32,CL,1668968579
10,tuktoyaktuk,69.4541,-133.0374,19.4,100,100,12.66,CA,1668968579
11,abay,49.6311,72.8539,19.78,99,70,2.46,KZ,1668968579
12,la ronge,55.1001,-105.2842,23.25,54,75,11.5,CA,1668968579
13,ushuaia,-54.8,-68.3,49.66,66,75,4.61,AR,1668968406
14,ribeira grande,38.5167,-28.7,68.4,88,75,18.41,PT,1668968579
15,bay roberts,47.5999,-53.2648,40.33,78,69,5.01,CA,1668968580
16,barrow,71.2906,-156.7887,24.82,74,100,14.97,US,1668968580
17,yellowknife,62.456,-114.3525,25.32,80,75,11.5,CA,1668968580
18,saskylakh,71.9167,114.0833,-18.9,99,98,1.32,RU,1668968580
19,constitucion,-35.3333,-72.4167,66.36,47,0,19.46,CL,1668968580
20,hamilton,39.1834,-84.5333,33.21,34,0,9.22,US,1668968580
21,san blas,21.5167,-105.2667,89.49,55,97,4.5,MX,1668968580
22,carnarvon,-24.8667,113.6333,69.4,66,0,18.5,AU,1668968580
23,tasiilaq,65.6145,-37.6368,37.56,84,100,15.64,GL,1668968580
24,puerto ayora,-0.7393,-90.3518,78.76,93,97,5.99,EC,1668968581
25,qaanaaq,77.484,-69.3632,-8.01,56,8,1.16,GL,1668968581
26,axim,4.8699,-2.2405,78.85,82,72,7.16,GH,1668968581
27,canavieiras,-15.675,-38.9472,82.36,81,98,5.79,BR,1668968581
28,aswan,24.0934,32.907,76.75,41,1,8.16,EG,1668968524
29,sobolevo,54.4299,31.8996,17.53,94,100,6.11,RU,1668968581
30,portland,45.5234,-122.6762,44.47,58,0,11.5,US,1668968581
31,umtata,-31.5889,28.7844,53.01,96,41,3.13,ZA,1668968460
32,punta arenas,-53.15,-70.9167,53.71,50,40,32.21,CL,1668968582
33,west wendover,40.7391,-114.0733,25.81,63,0,3.44,US,1668968582
34,cape town,-33.9258,18.4232,65.26,63,0,18.41,ZA,1668968317
35,srednekolymsk,67.45,153.6833,-31.99,100,48,5.14,RU,1668968582
36,cherskiy,68.75,161.3,-13.58,98,100,8.1,RU,1668968582
37,bethel,41.3712,-73.414,37.0,40,40,19.57,US,1668968582
38,raga,8.4596,25.678,78.26,25,59,4.09,SS,1668968582
39,busselton,-33.65,115.3333,50.16,81,0,11.39,AU,1668968582
40,nikolskoye,59.7035,30.7861,24.69,96,93,4.92,RU,1668968582
41,hobart,-42.8794,147.3294,46.26,76,40,13.8,AU,1668968460
42,inirida,3.8653,-67.9239,87.8,67,53,1.03,CO,1668968583
43,sistranda,63.7256,8.834,30.16,58,6,16.6,NO,1668968583
44,miura,35.14,139.6192,55.29,94,98,17.02,JP,1668968583
45,rikitea,-23.1203,-134.9692,71.13,76,94,12.95,PF,1668968583
46,utica,43.1009,-75.2327,30.65,72,49,3.0,US,1668968583
47,kruisfontein,-34.0033,24.7314,60.89,76,27,3.49,ZA,1668968584
48,vaini,-21.2,-175.2,69.96,100,75,0.0,TO,1668968584
49,kodiak,57.79,-152.4072,38.71,93,100,4.61,US,1668968584
50,bilma,18.6853,12.9164,75.34,15,48,5.17,NE,1668968585
51,bredasdorp,-34.5322,20.0403,61.11,71,17,6.02,ZA,1668968585
52,flin flon,54.7682,-101.865,19.24,79,100,10.36,CA,1668968585
53,butaritari,3.0707,172.7902,80.22,80,15,12.5,KI,1668968585
54,upington,-28.4478,21.2561,80.98,10,0,3.44,ZA,1668968585
55,krasnyy oktyabr,56.1167,38.8833,24.35,91,99,2.66,RU,1668968586
56,port lincoln,-34.7333,135.8667,53.44,60,94,22.73,AU,1668968313
57,jamestown,42.097,-79.2353,23.72,76,100,14.97,US,1668968586
58,fereydun kenar,36.6864,52.5225,63.27,68,0,4.21,IR,1668968565
59,gillette,44.2911,-105.5022,37.06,42,0,11.5,US,1668968587
60,kaitangata,-46.2817,169.8464,51.21,98,48,0.49,NZ,1668968587
61,teknaf,20.8624,92.3058,74.77,82,5,7.56,BD,1668968588
62,ryotsu,38.0833,138.4333,55.74,91,100,10.29,JP,1668968588
63,thompson,55.7435,-97.8558,21.36,93,100,9.22,CA,1668968588
64,deputatskiy,69.3,139.9,-21.96,91,93,1.48,RU,1668968588
65,kapaa,22.0752,-159.319,77.32,81,40,17.27,US,1668968589
66,altay,47.8667,88.1167,27.59,97,100,3.02,CN,1668968589
67,rio grande,-32.035,-52.0986,87.91,63,100,16.02,BR,1668968589
68,new norfolk,-42.7826,147.0587,45.91,71,85,8.01,AU,1668968589
69,severo-kurilsk,50.6789,156.125,32.04,70,28,4.45,RU,1668968589
70,rorvik,64.8621,11.2373,24.78,86,0,0.0,NO,1668968590
71,hilo,19.7297,-155.09,74.62,94,75,4.61,US,1668968590
72,arraial do cabo,-22.9661,-42.0278,78.76,69,40,10.36,BR,1668968590
73,port alfred,-33.5906,26.891,67.17,79,45,9.13,ZA,1668968590
74,hasaki,35.7333,140.8333,55.22,65,100,14.07,JP,1668968590
75,beira,-19.8436,34.8389,80.69,69,100,27.63,MZ,1668968305
76,bakchar,57.0186,82.0711,-0.35,84,99,9.17,RU,1668968590
77,laguna,38.421,-121.4238,61.97,54,0,5.75,US,1668968590
78,mataura,-46.1927,168.8643,51.82,99,86,2.66,NZ,1668968590
79,gondanglegi,-7.7479,112.0132,76.12,88,99,2.62,ID,1668968591
80,hermanus,-34.4187,19.2345,62.8,74,2,7.74,ZA,1668968381
81,castro,-24.7911,-50.0119,81.32,37,15,4.99,BR,1668968591
82,kayiry,46.9454,33.7059,55.45,89,100,13.76,UA,1668968591
83,kahului,20.8947,-156.47,79.84,74,20,11.01,US,1668968591
84,whyalla,-33.0333,137.5833,56.48,55,48,18.01,AU,1668968591
85,mandalgovi,45.7625,106.2708,19.85,48,1,5.82,MN,1668968591
86,beloha,-25.1667,45.05,71.06,85,100,13.56,MG,1668968591
87,atuona,-9.8,-139.0333,77.38,73,25,12.37,PF,1668968592
88,bengkulu,-3.8004,102.2655,74.37,91,80,5.21,ID,1668968592
89,nizwa,22.9333,57.5333,74.37,43,0,9.46,OM,1668968592
90,eloy,32.7559,-111.5548,66.06,33,0,9.48,US,1668968592
91,huarmey,-10.0681,-78.1522,69.98,73,86,9.86,PE,1668968592
92,hoshcha,50.6003,26.6744,27.48,98,99,5.91,UA,1668968592
93,bambous virieux,-20.3428,57.7575,75.45,73,40,8.05,MU,1668968592
94,clyde river,70.4692,-68.5914,-10.97,84,0,8.05,CA,1668968295
95,anloga,5.7947,0.8973,81.99,77,95,12.88,GH,1668968593
96,fairhope,30.523,-87.9033,50.02,50,0,14.97,US,1668968593
97,vila franca do campo,37.7167,-25.4333,67.19,90,99,13.02,PT,1668968593
98,cayenne,4.9333,-52.3333,86.04,66,100,12.66,GF,1668968593
99,tuatapere,-46.1333,167.6833,51.82,96,45,4.7,NZ,1668968593
100,prince rupert,54.3161,-130.3201,44.29,91,100,24.16,CA,1668968593
101,ust-kuyga,70.0167,135.6,-14.55,100,98,1.34,RU,1668968593
102,ballina,-28.8667,153.5667,68.49,52,91,5.44,AU,1668968593
103,souillac,-20.5167,57.5167,75.58,73,40,8.05,MU,1668968593
104,palamos,41.8484,3.1291,55.02,55,42,3.0,ES,1668968594
105,vardo,70.3705,31.1107,35.58,80,100,6.91,NO,1668968594
106,fairbanks,64.8378,-147.7164,17.6,86,0,0.0,US,1668968594
107,zeya,53.75,127.2667,16.09,95,100,3.83,RU,1668968594
108,pocatello,42.8713,-112.4455,25.02,63,0,4.61,US,1668968594
109,bluff,-46.6,168.3333,53.46,92,95,7.85,NZ,1668968594
110,hambantota,6.1241,81.1185,76.93,87,11,5.1,LK,1668968594
111,port blair,11.6667,92.75,79.84,79,99,5.21,IN,1668968594
112,bairiki,1.3292,172.9752,80.6,83,40,5.75,KI,1668968594
113,porto novo,6.4965,2.6036,82.22,80,87,9.8,BJ,1668968595
114,yulara,-25.2406,130.9889,69.84,26,97,14.5,AU,1668968595
115,ust-nera,64.5667,143.2,-12.84,99,100,4.21,RU,1668968397
116,kawalu,-7.3817,108.2082,70.38,98,60,1.3,ID,1668968595
117,mosquera,4.7059,-74.2302,64.49,72,75,11.5,CO,1668968595
118,nukus,42.4531,59.6103,48.18,57,0,2.3,UZ,1668968595
119,chuy,-33.6971,-53.4616,81.48,55,32,11.21,UY,1668968595
120,sambava,-14.2667,50.1667,74.52,78,3,6.11,MG,1668968596
121,tautira,-17.7333,-149.15,76.44,74,47,13.65,PF,1668968596
122,angoche,-16.2325,39.9086,79.3,78,0,15.01,MZ,1668968596
123,meulaboh,4.1363,96.1285,75.74,89,100,3.11,ID,1668968596
124,chernogorsk,53.8236,91.2842,13.57,62,97,0.0,RU,1668968596
125,alice springs,-23.7,133.8833,63.95,72,91,0.0,AU,1668968596
126,koundara,12.4833,-13.3,85.57,23,66,2.21,GN,1668968596
127,aki,33.5,133.9,60.96,79,96,5.88,JP,1668968596
128,katsuura,35.1333,140.3,55.42,73,100,7.05,JP,1668968596
129,provideniya,64.3833,-173.3,21.09,91,100,11.34,RU,1668968597
130,plettenberg bay,-34.0527,23.3716,59.38,79,44,3.85,ZA,1668968597
131,mirabad,30.4362,61.8383,65.59,32,25,8.01,AF,1668968597
132,ust-tsilma,65.441,52.1498,32.85,95,100,8.57,RU,1668968597
133,avarua,-21.2078,-159.775,75.25,64,75,10.36,CK,1668968402
134,arlit,18.7369,7.3853,81.1,10,65,7.52,NE,1668968418
135,kutum,14.2,24.6667,69.35,16,3,9.1,SD,1668968597
136,victoria,22.2855,114.1577,76.32,79,34,5.99,HK,1668968324
137,kalmunai,7.4167,81.8167,74.52,85,8,10.09,LK,1668968597
138,mayo,38.8876,-76.5119,39.24,33,0,8.99,US,1668968597
139,mar del plata,-38.0023,-57.5575,65.08,94,100,14.97,AR,1668968524
140,port elizabeth,-33.918,25.5701,63.1,88,0,4.61,ZA,1668968522
141,torbay,47.6666,-52.7314,39.58,82,100,18.41,CA,1668968598
142,ugoofaaru,5.6667,73.0,80.28,81,98,15.82,MV,1668968598
143,saldanha,-33.0117,17.9442,62.65,81,17,24.18,ZA,1668968598
144,airai,-8.9266,125.4092,61.45,92,100,1.92,TL,1668968598
145,watauga,32.8579,-97.2547,52.21,40,0,6.91,US,1668968598
146,cockburn town,21.4612,-71.1419,85.96,58,40,13.8,TC,1668968598
147,lagoa,39.05,-27.9833,64.53,93,94,23.58,PT,1668968598
148,xichang,27.8964,102.2634,46.18,67,28,1.19,CN,1668968598
149,ilulissat,69.2167,-51.1,17.62,67,40,0.0,GL,1668968599
150,lovozero,68.005,35.0117,16.11,87,8,1.9,RU,1668968599
151,ibra,22.6906,58.5334,71.26,52,0,2.51,OM,1668968599
152,east london,-33.0153,27.9116,65.34,82,0,4.61,ZA,1668968599
153,kushalgarh,23.199,74.4507,67.23,36,0,7.67,IN,1668968599
154,kavaratti,10.5669,72.642,80.58,57,15,3.8,IN,1668968599
155,margate,51.3813,1.3862,46.69,82,21,4.0,GB,1668968333
156,chokurdakh,70.6333,147.9167,-31.72,100,98,5.48,RU,1668968433
157,bandarbeyla,9.4942,50.8122,79.3,71,99,18.14,SO,1668968599
158,male,4.1748,73.5089,82.35,83,75,17.27,MV,1668968509
159,gwadar,25.1216,62.3254,78.66,65,0,3.91,PK,1668968600
160,haines junction,60.7522,-137.5108,21.15,93,100,2.3,CA,1668968600
161,wonthaggi,-38.6044,145.5913,47.82,86,76,27.2,AU,1668968600
162,saint-augustin,51.226,-58.6502,20.57,82,94,9.26,CA,1668968600
163,belaya gora,68.5333,146.4167,-31.09,100,13,0.27,RU,1668968600
164,panorama,40.5878,23.0315,63.43,70,20,11.99,GR,1668968600
165,husavik,66.0449,-17.3389,42.44,82,97,15.41,IS,1668968600
166,aklavik,68.2191,-135.0107,24.8,93,100,12.66,CA,1668968600
167,hualmay,-11.0964,-77.6139,69.21,72,100,7.9,PE,1668968601
168,port-gentil,-0.7193,8.7815,76.96,88,40,2.3,GA,1668968601
169,saint george,37.1041,-113.5841,47.43,36,0,1.99,US,1668968601
170,naantali,60.4674,22.0243,30.85,80,100,12.66,FI,1668968537
171,sao filipe,14.8961,-24.4956,77.2,68,72,14.34,CV,1668968601
172,geraldton,-28.7667,114.6,55.81,82,1,9.22,AU,1668968601
173,muros,42.7762,-9.0603,61.09,91,100,11.83,ES,1668969100
174,tiksi,71.6872,128.8694,-13.09,100,96,3.47,RU,1668969100
175,black river,18.0264,-77.8487,85.89,60,21,8.43,JM,1668969100
176,christchurch,-43.5333,172.6333,60.91,91,100,5.75,NZ,1668969100
177,salalah,17.0151,54.0924,78.89,65,20,3.44,OM,1668969073
178,polyarnyy,69.1989,33.4478,19.24,85,9,7.47,RU,1668969101
179,sitka,57.0531,-135.33,48.09,71,100,8.05,US,1668969101
180,saint-francois,46.4154,3.9054,45.84,87,100,8.05,FR,1668969101
181,zalesovo,53.9939,84.7431,5.63,83,100,12.53,RU,1668969101
182,oriximina,-1.7656,-55.8661,95.18,37,84,5.79,BR,1668969101
183,abbeville,50.1,1.8333,53.56,83,60,14.92,FR,1668968872
184,neuquen,-38.9516,-68.0591,71.49,21,0,2.3,AR,1668969101
185,bathsheba,13.2167,-59.5167,86.61,70,20,20.71,BB,1668969101
186,poitiers,46.5833,0.3333,48.24,55,0,8.05,FR,1668968834
187,ribeira brava,32.65,-17.0667,67.01,61,23,4.23,PT,1668969102
188,maarianhamina,60.0973,19.9348,31.86,93,100,11.5,AX,1668969102
189,avera,33.194,-82.5271,47.55,31,100,7.05,US,1668969102
190,atyrau,47.1167,51.8833,42.82,93,75,8.95,KZ,1668969078
191,eureka,40.8021,-124.1637,55.2,88,94,1.99,US,1668969103
192,grand gaube,-20.0064,57.6608,75.6,70,2,1.99,MU,1668969103
193,mahina,-17.5065,-149.489,80.37,65,20,4.61,PF,1668969103
194,illapel,-31.6308,-71.1653,78.93,41,42,9.73,CL,1668969103
195,leisure city,25.4954,-80.4292,75.2,98,100,13.8,US,1668969103
196,dikson,73.5069,80.5464,-19.46,94,19,5.91,RU,1668969103
197,changping,40.2186,116.2197,44.24,74,86,3.4,CN,1668969104
198,broome,42.2506,-75.833,29.86,62,100,11.5,US,1668969104
199,montauban,44.0833,1.5,49.51,91,100,6.91,FR,1668969004
200,shangrao,28.4532,117.9686,60.19,93,0,4.27,CN,1668969105
201,ponta do sol,32.6667,-17.1,67.01,61,24,4.65,PT,1668969105
202,omboue,-1.5746,9.2618,75.85,90,100,5.73,GA,1668969105
203,mirnyy,62.5353,113.9611,-12.77,83,78,1.99,RU,1668969105
204,buta,2.7858,24.73,72.32,83,74,1.61,CD,1668969106
205,lavrentiya,65.5833,-171.0,17.73,90,100,13.71,RU,1668969001
206,codrington,-38.2667,141.9667,44.65,81,84,22.48,AU,1668969106
207,santa rosa,14.3122,121.1114,80.58,94,100,6.51,PH,1668969106
208,hailar,49.2,119.7,2.12,93,12,7.34,CN,1668969106
209,abha,18.2164,42.5053,59.25,36,20,14.97,SA,1668968834
210,kupang,-10.1667,123.5833,77.58,94,75,4.61,ID,1668969107
211,visby,57.6409,18.296,27.05,100,40,6.91,SE,1668968897
212,ternate,0.8,127.4,80.76,80,100,3.62,ID,1668969107
213,sao joao da barra,-21.6403,-41.0511,84.29,74,24,11.88,BR,1668969108
214,xining,36.6167,101.7667,27.45,46,81,0.56,CN,1668969050
215,rawson,-43.3002,-65.1023,60.73,48,1,14.81,AR,1668969108
216,bukama,-9.2,25.85,70.32,85,14,1.66,CD,1668969109
217,adrar,20.5022,-10.0711,75.38,12,0,8.12,MR,1668969109
218,salinas,36.6777,-121.6555,66.79,34,0,14.97,US,1668969109
219,kodinsk,58.6881,99.1844,4.19,88,100,9.89,RU,1668969109
220,gamba,-2.65,10.0,75.45,89,100,3.62,GA,1668969110
221,henties bay,-22.116,14.2845,60.89,86,31,9.28,NA,1668969110
222,otse,-25.0167,25.7333,74.97,12,100,3.4,BW,1668969110
223,pangody,65.85,74.4859,-5.24,97,100,12.12,RU,1668969110
224,bousse,12.6606,-1.8922,82.02,17,55,8.52,BF,1668969110
225,havre-saint-pierre,50.2334,-63.5986,26.6,86,100,16.11,CA,1668969110
226,ancud,-41.8697,-73.8203,56.91,51,1,7.45,CL,1668969111
227,sabang,5.8933,95.3214,81.46,78,100,17.85,ID,1668969112
228,lodja,-3.4833,23.4333,73.81,80,97,1.99,CD,1668969112
229,berlevag,70.8578,29.0864,35.6,80,100,11.5,NO,1668969112
230,kropotkin,45.4375,40.5756,57.02,66,100,7.07,RU,1668969112
231,grindavik,63.8424,-22.4338,41.47,87,40,14.97,IS,1668969112
232,nanortalik,60.1432,-45.2371,28.58,83,100,12.73,GL,1668969112
233,mackay,-21.15,149.2,76.68,89,17,10.29,AU,1668969112
234,daru,-9.0763,143.2092,77.45,90,34,5.53,PG,1668969113
235,ust-ilimsk,58.0006,102.6619,11.17,85,87,9.8,RU,1668969113
236,vostok,46.4856,135.8833,16.2,98,75,3.94,RU,1668969113
237,talnakh,69.4865,88.3972,-11.61,94,100,4.29,RU,1668969113
238,itarema,-2.9248,-39.9167,83.23,67,58,18.25,BR,1668969113
239,narasannapeta,18.4167,84.05,72.21,63,100,7.56,IN,1668969113
240,atbasar,51.8,68.3333,3.49,97,28,2.48,KZ,1668969114
241,bodden town,19.2833,-81.25,88.0,71,20,11.5,KY,1668969114
242,ilyich,40.8464,68.5067,49.17,72,7,4.34,KZ,1668969114
243,beirut,33.8889,35.4944,68.74,64,18,3.44,LB,1668969115
244,ketchikan,55.3422,-131.6461,41.29,95,100,3.91,US,1668969115
245,jalu,29.0331,21.5482,68.88,23,100,9.26,LY,1668969115
246,norman wells,65.282,-126.8329,24.84,86,20,18.41,CA,1668969116
247,kosh-agach,50.0,88.6667,10.22,82,99,2.51,RU,1668969116
248,nizhnevartovsk,60.9344,76.5531,-17.99,83,0,2.24,RU,1668969116
249,kununurra,-15.7667,128.7333,80.58,89,100,0.0,AU,1668969116
250,kerema,-7.9631,145.7785,77.09,84,93,6.58,PG,1668969117
251,mahebourg,-20.4081,57.7,75.49,73,40,8.05,MU,1668969117
252,hay river,60.8156,-115.7999,24.78,93,100,10.36,CA,1668969117
253,narsaq,60.9167,-46.05,26.82,81,100,1.03,GL,1668969117
254,zhigansk,66.7697,123.3711,-20.11,100,100,6.98,RU,1668969117
255,college,64.8569,-147.8028,18.59,86,75,0.0,US,1668969117
256,guerrero negro,27.9769,-114.0611,69.82,32,4,4.32,MX,1668969118
257,gonzalez,30.5816,-87.2914,50.56,46,0,13.8,US,1668969118
258,kommunisticheskiy,61.6789,64.4819,13.5,96,94,6.85,RU,1668969118
259,auki,-8.7676,160.7034,76.51,83,9,4.52,SB,1668969119
260,stephenville crossing,48.5,-58.4318,37.53,81,100,18.41,CA,1668969119
261,winneba,5.3511,-0.6231,78.53,84,54,8.88,GH,1668969119
262,roma,43.2128,-75.4557,30.81,78,100,8.05,US,1668968963
263,talara,-4.5772,-81.2719,83.16,51,0,17.27,PE,1668969119
264,kirkwall,58.9848,-2.9587,44.65,87,75,10.36,GB,1668969105
265,middelharnis,51.7575,4.1653,49.01,84,81,5.99,NL,1668969113
266,milton,34.1322,-84.3007,49.44,39,58,4.0,US,1668969119
267,sisimiut,66.9395,-53.6735,23.76,91,100,18.86,GL,1668969120
268,faanui,-16.4833,-151.75,78.26,76,96,18.37,PF,1668969120
269,khomeyn,33.6423,50.0789,46.2,41,0,3.0,IR,1668969120
270,aloleng,16.1307,119.7824,80.19,75,100,6.42,PH,1668969121
271,great falls,47.5002,-111.3008,37.85,51,0,24.16,US,1668969121
272,sept-iles,50.2001,-66.3821,28.06,80,75,11.5,CA,1668969121
273,helena,46.5927,-112.0361,32.25,78,0,0.0,US,1668969122
274,chicama,-7.8447,-79.1469,68.54,56,15,9.93,PE,1668969122
275,medea,36.2642,2.7539,44.51,80,64,4.29,DZ,1668969060
276,nanga eboko,4.6833,12.3667,77.16,55,97,2.57,CM,1668969122
277,kavieng,-2.5744,150.7967,80.98,69,61,11.99,PG,1668969123
278,goksun,38.021,36.4973,48.54,80,100,2.42,TR,1668969123
279,iracoubo,5.4802,-53.2011,82.78,72,100,13.65,GF,1668969123
280,topolobampo,25.6,-109.05,73.31,40,0,11.5,MX,1668969123
281,amapa,1.0,-52.0,93.94,31,21,5.93,BR,1668969123
282,yong peng,2.0136,103.0659,75.81,95,100,7.25,MY,1668969123
283,boca do acre,-8.7522,-67.3978,94.17,42,100,2.15,BR,1668969123
284,pandan,14.0453,124.1694,79.32,89,100,7.52,PH,1668969124
285,san andres,12.5847,-81.7006,84.22,79,75,11.5,CO,1668969124
286,najran,17.4924,44.1277,68.65,47,7,4.0,SA,1668969124
287,seydi,39.4816,62.9137,51.87,51,0,5.53,TM,1668969124
288,olafsvik,64.8945,-23.7142,43.32,77,88,14.7,IS,1668969124
289,ostrovnoy,68.0531,39.5131,37.44,90,100,12.46,RU,1668969125
290,egvekinot,66.3167,-179.1667,-16.56,88,24,13.04,RU,1668969125
291,nemuro,43.3236,145.575,50.4,71,100,19.84,JP,1668969125
292,teya,60.3778,92.6267,-18.67,99,100,3.83,RU,1668969125
293,pacific grove,36.6177,-121.9166,66.38,48,0,3.0,US,1668969126
294,upernavik,72.7868,-56.1549,13.77,94,100,14.34,GL,1668969126
295,komsomolskiy,40.4272,71.7189,39.92,87,64,6.91,UZ,1668969126
296,barra do bugres,-15.0725,-57.1811,96.22,32,75,7.25,BR,1668969126
297,trincomalee,8.5711,81.2335,75.87,80,4,10.42,LK,1668969127
298,seguela,7.9611,-6.6731,80.35,52,79,4.79,CI,1668969127
299,cabedelo,-6.9811,-34.8339,84.87,64,95,14.25,BR,1668969127
300,urumqi,43.801,87.6005,25.75,100,100,2.24,CN,1668969127
301,alekseyevka,50.6309,38.6903,30.22,98,100,10.92,RU,1668969127
302,sassandra,4.95,-6.0833,76.98,88,79,5.41,CI,1668969128
303,nabire,-3.3667,135.4833,74.62,81,99,2.73,ID,1668969128
304,namibe,-15.1961,12.1522,72.72,75,94,2.24,AO,1668969128
305,mezhdurechenskiy,59.6,65.9333,6.01,100,98,3.67,RU,1668969128
306,russell,32.3502,-85.1999,45.97,36,0,6.91,US,1668969128
307,san patricio,28.017,-97.5169,53.46,64,100,9.66,US,1668969128
308,mount gambier,-37.8333,140.7667,43.61,87,100,19.98,AU,1668969128
309,bozeman,45.6796,-111.0386,33.22,61,0,3.44,US,1668969129
310,preston,53.7667,-2.7167,46.85,76,71,12.91,GB,1668968564
311,magistralnyy,56.1725,107.4458,4.41,86,100,4.65,RU,1668969129
312,soe,-9.8607,124.284,67.62,89,100,2.33,ID,1668969129
313,krasnyy chikoy,50.3643,108.7512,-3.41,99,48,1.74,RU,1668969129
314,port macquarie,-31.4333,152.9167,60.89,52,100,6.42,AU,1668969129
315,champerico,14.3,-91.9167,93.74,72,100,5.46,GT,1668969129
316,nhulunbuy,-12.2333,136.7667,81.21,83,100,0.0,AU,1668969130
317,carhuaz,-9.2819,-77.6447,71.82,45,71,4.9,PE,1668969130
318,doume,4.2333,13.45,73.47,56,100,2.42,CM,1668969130
319,ahipara,-35.1667,173.1667,62.51,90,100,10.6,NZ,1668969131
320,port hardy,50.6996,-127.4199,41.18,87,100,3.44,CA,1668969131
321,saint anthony,45.0205,-93.218,30.52,60,0,12.66,US,1668969131
322,aykhal,66.0,111.5,-21.51,100,67,5.68,RU,1668969131
323,belmonte,-15.8631,-38.8828,75.97,84,100,5.97,BR,1668969131
324,panaba,21.2833,-88.2667,88.43,52,72,8.63,MX,1668969132
325,esperance,-33.8667,121.9,55.6,61,99,7.87,AU,1668969132
326,waddan,29.1614,16.139,66.18,30,5,8.63,LY,1668969132
327,verkhnevilyuysk,63.4453,120.3167,-25.04,100,48,2.64,RU,1668969133
328,kluczbork,50.9728,18.2182,29.73,58,15,6.44,PL,1668969133
329,medina del campo,41.3124,-4.9141,54.72,89,76,9.51,ES,1668969134
330,clacton-on-sea,51.7897,1.156,46.78,78,100,5.01,GB,1668969061
331,pitimbu,-7.4706,-34.8086,84.79,63,100,12.46,BR,1668969135
332,elizabeth city,36.2946,-76.2511,48.22,33,0,8.05,US,1668969135
333,cap malheureux,-19.9842,57.6142,75.47,70,5,1.99,MU,1668968962
334,goma,-1.6792,29.2228,62.31,90,66,2.26,CD,1668969135
335,northam,51.0333,-4.2167,52.61,73,55,12.26,GB,1668969135
336,kailua,21.4022,-157.7394,78.78,77,12,5.01,US,1668969135
337,binzhou,37.3667,118.0167,53.47,87,100,4.88,CN,1668969136
338,gberia fotombu,9.8833,-11.1667,74.17,52,31,1.54,SL,1668969137
339,maniitsoq,65.4167,-52.9,24.31,76,100,10.74,GL,1668969137
340,gebze,40.8028,29.4307,68.95,49,0,5.75,TR,1668969137
341,jiuquan,39.7432,98.5174,32.99,29,100,1.23,CN,1668969137
342,marawi,7.9986,124.2928,69.28,89,100,1.63,PH,1668969137
343,tupik,54.4253,119.9327,2.23,97,100,3.02,RU,1668969137
344,mareeba,-17.0,145.4333,75.43,92,97,0.89,AU,1668969137
345,turukhansk,65.8167,87.9833,-8.95,92,100,5.57,RU,1668969138
346,zhuhai,22.2769,113.5678,75.85,83,0,10.36,CN,1668969138
347,methoni,36.8197,21.7049,69.22,76,23,18.07,GR,1668969138
348,cabo san lucas,22.8909,-109.9124,83.17,61,20,8.05,MX,1668969138
349,karsun,54.1994,46.9827,28.98,96,100,3.4,RU,1668969138
350,te anau,-45.4167,167.7167,52.07,93,100,1.3,NZ,1668969138
351,leningradskiy,69.3833,178.4167,-24.61,97,13,5.64,RU,1668969138
352,kombai,9.8333,77.3167,70.16,91,100,2.04,IN,1668969139
353,longyearbyen,78.2186,15.6401,35.44,80,75,11.5,SJ,1668968880
354,buraydah,26.326,43.975,63.05,37,5,8.93,SA,1668969139
355,benghazi,32.1167,20.0667,70.68,65,60,12.97,LY,1668969139
356,brae,60.3964,-1.353,44.92,66,100,25.34,GB,1668969139
357,solnechnyy,50.7214,136.6319,19.13,88,29,4.52,RU,1668969139
358,port shepstone,-30.7414,30.455,66.7,73,71,7.76,ZA,1668969139
359,usinsk,65.9939,57.5281,31.95,98,100,18.05,RU,1668969140
360,coquimbo,-29.9533,-71.3436,64.13,72,20,13.8,CL,1668969140
361,pangnirtung,66.1451,-65.7125,8.6,40,20,8.05,CA,1668969074
362,dhidhdhoo,6.8833,73.1,77.61,86,94,10.98,MV,1668969140
363,san,13.3034,-4.8956,84.31,18,70,7.74,ML,1668969141
364,shellbrook,53.2168,-106.4011,20.43,79,100,11.32,CA,1668969141
365,kurumkan,54.3,110.3,-2.52,89,32,3.2,RU,1668969141
366,hami,42.8,93.45,34.88,46,97,2.89,CN,1668969141
367,dubti,11.7361,41.0853,82.17,44,1,13.65,ET,1668969142
368,phangnga,8.4509,98.5298,77.04,96,100,2.89,TH,1668969142
369,touros,-5.1989,-35.4608,81.68,69,96,16.44,BR,1668969142
370,svetlaya,46.5389,138.3297,36.75,63,100,8.32,RU,1668969142
371,agadez,19.75,10.25,72.79,15,100,7.87,NE,1668969142
372,jaguarari,-10.2639,-40.1958,81.07,50,100,5.88,BR,1668969142
373,samarai,-10.6167,150.6667,83.16,78,78,13.56,PG,1668969143
374,dresden,51.0509,13.7383,29.59,83,0,4.61,DE,1668968965
375,bangkalan,-7.0455,112.7351,83.95,85,99,3.36,ID,1668969143
376,kibre mengist,5.8833,38.9833,57.72,66,44,1.68,ET,1668969143
377,white oak,39.2131,-84.5994,32.85,33,0,9.22,US,1668969143
378,jabinyanah,35.035,10.9081,64.2,49,5,18.61,TN,1668969143
379,miram shah,33.0086,70.0697,57.18,44,5,5.14,PK,1668969144
380,kiama,-34.6833,150.8667,66.25,47,97,13.0,AU,1668969144
381,corinto,37.9407,22.9573,70.9,75,82,9.66,GR,1668969144
382,chichester,50.8367,-0.78,49.6,86,10,4.0,GB,1668969144
383,lao cai,22.4833,103.95,72.16,96,92,1.25,VN,1668969144
384,kurilsk,45.2333,147.8833,42.44,79,100,17.2,RU,1668969144
385,san jose,37.3394,-121.895,66.69,46,20,1.99,US,1668969121
386,kemijarvi,66.7131,27.4306,14.61,98,70,1.48,FI,1668969145
387,hefei,31.8639,117.2808,51.82,93,91,6.71,CN,1668969145
388,thayetmyo,19.3167,95.1833,71.04,64,9,3.62,MM,1668969145
389,mataram,-8.5833,116.1167,79.61,83,100,4.47,ID,1668969145
390,surgut,61.25,73.4167,-17.91,82,0,7.0,RU,1668969006
391,iqaluit,63.7506,-68.5145,6.53,72,75,2.3,CA,1668969145
392,matadi,-5.8167,13.45,79.34,81,94,5.86,CD,1668969145
393,isangel,-19.55,169.2667,77.11,88,10,4.61,VU,1668969146
394,salina,38.8403,-97.6114,50.31,27,0,18.41,US,1668969146
395,virginia beach,36.8529,-75.978,46.02,37,75,10.36,US,1668968846
396,yokadouma,3.5167,15.05,74.43,58,100,1.92,CM,1668969107
397,tuy hoa,13.0833,109.3,74.21,96,100,4.7,VN,1668969146
398,capao bonito,-24.0058,-48.3494,78.3,56,33,9.13,BR,1668969147
399,tungor,53.3808,142.9564,26.78,80,71,13.49,RU,1668969147
400,dharchula,29.85,80.5333,52.97,26,5,8.05,IN,1668969147
401,haicheng,40.8516,122.7475,36.66,77,100,10.76,CN,1668969147
402,darhan,49.4867,105.9228,9.34,83,93,5.82,MN,1668969147
403,alofi,-19.0595,-169.9187,75.09,94,47,9.22,NU,1668969148
404,bad doberan,54.1071,11.9005,34.0,98,97,4.23,DE,1668969148
405,port hedland,-20.3167,118.5667,80.28,41,100,11.61,AU,1668969149
406,krasnokamensk,50.0979,118.0369,-7.76,98,12,5.12,RU,1668969149
407,guanica,17.9716,-66.908,86.97,71,14,12.33,PR,1668969149
408,okhotsk,59.3833,143.3,17.71,95,100,12.03,RU,1668969149
409,purkersdorf,48.1951,16.1626,40.08,88,75,2.3,AT,1668969150
410,luderitz,-26.6481,15.1594,64.53,72,91,15.5,NA,1668969150
411,sertania,-8.0736,-37.2644,91.26,23,99,7.11,BR,1668969150
412,roald,62.5833,6.1333,36.75,60,0,12.66,NO,1668969150
413,corozal,9.3151,-75.2928,85.53,70,100,3.83,CO,1668969151
414,erzin,36.9559,36.2,63.66,60,60,4.27,TR,1668969151
415,korla,41.7597,86.1469,36.01,38,14,3.44,CN,1668969151
416,kichera,55.9375,110.0997,-2.0,85,83,3.71,RU,1668969151
417,shache,38.4167,77.2406,40.03,23,15,2.64,CN,1668969151
418,tocopilla,-22.092,-70.1979,68.58,68,19,6.31,CL,1668969151
419,tura,25.5198,90.2201,60.24,73,100,3.22,IN,1668969151
420,cumpas,29.9833,-109.7833,62.6,35,0,7.25,MX,1668969152
421,anadyr,64.75,177.4833,-12.5,77,0,13.42,RU,1668969152
422,rantoul,40.3084,-88.1559,34.83,42,0,10.36,US,1668969152
423,petropavlovsk-kamchatskiy,53.0452,158.6483,9.19,72,0,8.95,RU,1668969152
424,karratha,-20.7377,116.8463,80.55,35,100,1.57,AU,1668969152
425,steinbach,50.1667,8.5667,44.64,91,75,2.3,DE,1668969152
426,sao gabriel da cachoeira,-0.1303,-67.0892,82.2,83,40,3.44,BR,1668969153
427,alpena,45.0617,-83.4327,29.17,77,100,7.0,US,1668969153
428,newport,51.5877,-2.9984,50.83,80,33,13.42,GB,1668968934
429,north bend,43.4065,-124.2243,54.07,70,0,9.22,US,1668969153
430,kieta,-6.2167,155.6333,78.19,82,48,2.44,PG,1668969004
431,ewa beach,21.3156,-158.0072,78.75,69,0,11.5,US,1668969154
432,carbonia,39.1672,8.5222,56.05,56,73,18.34,IT,1668968977
433,klaksvik,62.2266,-6.589,47.32,89,100,32.19,FO,1668969154
434,kiruna,67.8557,20.2251,5.92,85,0,5.75,SE,1668969005
435,tsiroanomandidy,-18.7667,46.0333,72.01,78,89,3.44,MG,1668969154
436,machacamarca,-18.1667,-67.0333,75.18,4,0,16.49,BO,1668969155
437,saint-joseph,-21.3667,55.6167,75.58,80,19,5.08,RE,1668969008
438,hovd,48.0056,91.6419,22.39,60,23,6.02,MN,1668969156
439,salym,60.0625,71.4789,-18.36,100,27,3.42,RU,1668969156
440,sakakah,29.9697,40.2064,63.97,51,0,6.22,SA,1668969156
441,nalut,30.3333,10.85,52.81,39,7,7.49,LY,1668969156
442,parana,-31.732,-60.5238,88.56,21,100,8.97,AR,1668968951
443,aripuana,-9.1667,-60.6333,89.94,49,99,2.55,BR,1668969157
444,koungheul,13.9833,-14.8,85.17,12,83,5.01,SN,1668969157
445,araouane,18.9048,-3.5265,78.85,15,29,10.22,ML,1668969157
446,antalaha,-14.9003,50.2788,72.88,85,34,4.9,MG,1668969157
447,richards bay,-28.783,32.0377,64.85,72,2,3.6,ZA,1668969157
448,jaisalmer,26.9147,70.9181,70.74,25,0,9.15,IN,1668969157
449,mapastepec,15.4333,-92.9,90.36,52,51,4.65,MX,1668969158
450,revelstoke,50.9832,-118.2023,23.02,68,100,0.0,CA,1668969158
451,mikuni,36.2171,136.1519,53.51,88,100,5.12,JP,1668969158
452,lompoc,34.6391,-120.4579,69.85,28,0,8.05,US,1668969158
453,qeshm,26.9581,56.2719,80.47,72,0,6.04,IR,1668969158
454,ahuimanu,21.4447,-157.8378,78.51,77,20,5.01,US,1668969159
455,suifenhe,44.4,131.1667,27.61,75,100,1.1,CN,1668969159
456,george,-33.963,22.4617,58.55,88,20,4.61,ZA,1668968871
457,jacmel,18.2342,-72.5347,89.44,62,3,6.58,HT,1668969159
458,manta,-0.95,-80.7333,76.78,69,0,11.5,EC,1668969042
459,omsukchan,62.5333,155.8,-14.06,79,41,2.68,RU,1668969159
460,dauphin,51.1494,-100.0502,17.74,73,0,20.71,CA,1668969017
461,nome,64.5011,-165.4064,33.87,69,40,8.05,US,1668969120
462,kirkkonummi,60.1238,24.4385,29.79,95,90,12.97,FI,1668969081
463,lasa,46.6166,10.7002,40.08,71,47,2.91,IT,1668969160
464,sur,22.5667,59.5289,76.46,64,0,4.16,OM,1668969160
465,abilene,32.4487,-99.7331,48.18,29,0,8.05,US,1668968970
466,mahibadhoo,3.7833,72.9667,81.54,77,100,15.88,MV,1668969160
467,svetlogorsk,52.6333,29.7333,25.48,96,100,10.96,BY,1668969161
468,faya,18.3851,42.4509,59.52,49,5,10.87,SA,1668969162
469,vestmannaeyjar,63.4427,-20.2734,45.59,76,40,20.71,IS,1668969162
470,beboto,8.2668,16.939,78.37,27,80,3.71,TD,1668969162
471,praia,14.9215,-23.5087,79.34,61,40,23.02,CV,1668969097
472,kyra,49.5776,111.9753,-1.71,96,6,3.4,RU,1668969162
473,dingle,10.9995,122.6711,75.47,92,74,4.18,PH,1668969162
474,beatrice,40.2681,-96.747,48.18,29,0,17.27,US,1668968885
475,svetlyy,54.675,20.1347,28.45,95,100,16.55,RU,1668969163
476,loreto,22.2667,-101.9667,66.15,45,100,11.74,MX,1668969163
477,tarakan,3.3,117.6333,72.9,94,75,3.44,ID,1668969163
478,iaciara,-14.0958,-46.6317,80.76,60,100,2.3,BR,1668969163
479,hirara,24.8,125.2833,75.83,77,100,16.06,JP,1668969163
480,khandyga,62.6667,135.6,-21.14,98,92,3.42,RU,1668969163
481,guangyuan,32.442,105.823,54.45,68,100,8.79,CN,1668969163
482,bougouni,11.417,-7.479,81.43,27,45,2.42,ML,1668969163
483,port augusta,-32.5,137.7667,54.95,57,95,13.02,AU,1668969164
484,pontes e lacerda,-15.2261,-59.3353,99.3,25,71,7.27,BR,1668968901
485,leona vicario,20.9667,-87.1917,84.07,69,100,3.06,MX,1668969164
486,la reforma,25.0833,-108.05,79.32,36,0,10.16,MX,1668969164
487,honningsvag,70.9821,25.9704,35.35,87,75,11.5,NO,1668969165
488,sostanj,46.38,15.0486,39.6,97,57,2.08,SI,1668969165
489,sahiwal,30.6667,73.1,61.86,35,9,4.12,PK,1668969165
490,pangai,-19.8,-174.35,73.51,94,75,0.0,TO,1668969165
491,chidambaram,11.4,79.7,72.61,70,90,9.95,IN,1668969165
492,cedar city,37.6775,-113.0619,29.37,64,0,4.61,US,1668969166
493,gigmoto,13.7796,124.39,79.74,88,100,8.46,PH,1668969166
494,bundaberg,-24.85,152.35,74.21,96,16,1.01,AU,1668969167
495,kassala,15.451,36.4,83.68,40,1,10.63,SD,1668969167
496,gawler,-34.6,138.7333,53.51,80,100,20.18,AU,1668969167
497,fortuna,40.5982,-124.1573,53.94,71,0,3.44,US,1668969167
498,villamontes,-21.25,-63.5,103.32,21,0,9.89,BO,1668969167
499,tongliao,43.6125,122.2653,19.18,84,6,3.04,CN,1668969167
500,khani,41.9563,42.9566,45.97,63,100,6.17,GE,1668969167
501,hamza,40.4264,71.4956,40.95,78,47,3.24,UZ,1668969167
502,aketi,2.7388,23.7833,76.03,66,91,1.19,CD,1668969167
503,caravelas,-17.7125,-39.2481,74.25,89,100,4.14,BR,1668969167
504,ponferrada,42.5466,-6.5962,56.62,87,98,3.0,ES,1668969168
505,biak,-0.9131,122.8766,76.23,84,100,3.51,ID,1668969168
506,beidao,34.5686,105.8933,42.17,65,100,1.3,CN,1668969168
507,udachnyy,66.4167,112.4,-26.54,99,68,3.27,RU,1668969168
508,iralaya,15.0,-83.2333,82.58,72,100,9.86,HN,1668969168
509,marzuq,14.4,46.4667,67.77,47,87,1.45,YE,1668969168
510,kizilskoye,52.7255,58.8937,6.17,96,82,2.57,RU,1668969169
511,nuuk,64.1835,-51.7216,22.87,85,100,8.99,GL,1668969169
512,vila velha,-20.3297,-40.2925,78.75,81,0,8.05,BR,1668968958
513,ibimirim,-8.5406,-37.6903,92.28,23,100,14.65,BR,1668969169
514,beringovskiy,63.05,179.3167,-1.86,86,39,21.34,RU,1668969169
515,samana,19.2056,-69.3369,86.22,74,40,4.61,DO,1668969169
516,asau,46.4333,26.4,33.28,100,100,0.47,RO,1668969169
517,selenginsk,52.0064,106.8647,-3.59,80,64,6.58,RU,1668969169
518,tessalit,20.1986,1.0114,75.67,12,100,8.48,ML,1668969169
519,ler,8.3018,30.1418,78.96,33,0,3.69,SS,1668969170
520,gander,48.9682,-54.5906,33.93,69,75,13.8,CA,1668969170
521,aitape,-3.1374,142.3475,76.28,89,99,4.36,PG,1668969170
522,koscierzyna,54.1223,17.9812,30.11,97,99,6.73,PL,1668969002
523,banda aceh,5.5577,95.3222,78.85,80,100,12.26,ID,1668969170
524,otradnoye,59.7775,30.8181,24.85,97,83,4.07,RU,1668969170
525,nuevitas,21.5453,-77.2644,84.04,62,6,11.81,CU,1668969170
526,okhansk,57.7186,55.3877,-2.13,95,14,1.25,RU,1668969171
527,golfito,8.639,-83.166,80.82,84,85,4.63,CR,1668969171
528,poso,-1.3959,120.7524,77.11,86,100,4.0,ID,1668969171
529,lusambo,-4.9667,23.45,69.93,95,96,2.33,CD,1668969171
530,krasnoselkup,65.7,82.4667,-25.96,100,99,3.78,RU,1668969172
531,termiz,37.2242,67.2783,50.09,81,10,2.3,UZ,1668969042
532,pimentel,-6.8367,-79.9342,73.69,60,0,14.97,PE,1668969172
533,san cristobal,7.7669,-72.225,78.98,55,89,3.27,VE,1668969172
534,gazojak,41.1875,61.4036,49.5,54,8,8.25,TM,1668969173
